Workbook

Sheet Sheet1
B1: USD | C1: AED | D1: EUR | E1: CAD | F1: CHF | G1: GBP | H1: ILS | I1: AUD | J1: NZD | K1: JPY | L1: PHP | M1: KRW | N1: NTD | O1: CNY | P1: HKD | Q1: SGD | R1: MYR | S1: THB | T1: IDR | U1: INR | V1: RUB | W1: BRL | X1: MXN | Y1: TRY | Z1: ZAR
A2: 34335 | B2: 71.18 | C2: 76.56 | D2: 65.29 | E2: 91.86 | F2: 54.98 | G2: 100.89 | H2: 92.43 | I2: 94.72 | J2: 84.46 | K2: 82.05 | L2: 160.57 | M2: 126.59 | N2: 99.82 | O2: 63.1 | P2: 92.8 | Q2: 71.63 | R2: 139.57 | S2: 106.95 | T2: 641.07 | U2: 198.26 | V2: 4045.86 | W2: 2180.45 | X2: 640.57 | Y2: 36617.33 | Z2: 429.88
A3: 34366 | B3: 71.26 | C3: 76.39 | D3: 65.98 | E3: 90.05 | F3: 55.53 | G3: 99.77 | H3: 92.69 | I3: 96.63 | J3: 85.02 | K3: 86.29 | L3: 159.52 | M3: 125.81 | N3: 99.2 | O3: 62.57 | P3: 92.15 | Q3: 71.93 | R3: 135.74 | S3: 106.41 | T3: 629.63 | U3: 198.27 | V3: 3601.41 | W3: 1541.26 | X3: 638.94 | Y3: 31573.24 | Z3: 424.2
A4: 34394 | B4: 71.76 | C4: 76.02 | D4: 67.72 | E4: 88.54 | F4: 56.09 | G4: 99.67 | H4: 92.23 | I4: 95.53 | J4: 84.33 | K4: 87.27 | L4: 159.47 | M4: 125.85 | N4: 99.05 | O4: 62.37 | P4: 91.92 | Q4: 71.83 | R4: 137.48 | S4: 106.15 | T4: 619.09 | U4: 197.69 | V4: 3295.94 | W4: 1090.86 | X4: 605.22 | Y4: 26956.12 | Z4: 421.32
A5: 34425 | B5: 72.39 | C5: 76.39 | D5: 68.72 | E5: 87.53 | F5: 56.12 | G5: 99.69 | H5: 92.21 | I5: 96.15 | J5: 83.84 | K5: 89.21 | L5: 159.71 | M5: 125.93 | N5: 99.26 | O5: 62.4 | P5: 92 | Q5: 72.64 | R5: 138.62 | S5: 106.21 | T5: 616.2 | U5: 198.85 | V5: 3203.72 | W5: 762.48 | X5: 599.44 | Y5: 16692.74 | Z5: 409.1
A6: 34455 | B6: 72.36 | C6: 75.92 | D6: 70.23 | E6: 87.62 | F6: 56.46 | G6: 99.94 | H6: 90.78 | I6: 96.84 | J6: 85.49 | K6: 88.65 | L6: 162.52 | M6: 126.18 | N6: 97.58 | O6: 62.57 | P6: 91.72 | Q6: 73.09 | R6: 142.04 | S6: 106.19 | T6: 613.19 | U6: 197.78 | V6: 3036.38 | W6: 530.11 | X6: 606.73 | Y6: 16431.92 | Z6: 400.92
A7: 34486 | B7: 72.47 | C7: 75.46 | D7: 71.27 | E7: 87.41 | F7: 57.52 | G7: 100.5 | H7: 89.17 | I7: 97.58 | J7: 86.07 | K7: 89.49 | L7: 162.61 | M7: 125.87 | N7: 96.43 | O7: 62.35 | P7: 91.34 | Q7: 73.53 | R7: 142.61 | S7: 106.02 | T7: 608.46 | U7: 196.73 | V7: 2875.8 | W7: 364.41 | X7: 599 | Y7: 17345.43 | Z7: 399.83
A8: 34516 | B8: 71.51 | C8: 74.22 | D8: 72.74 | E8: 86.98 | F8: 58.4 | G8: 99.66 | H8: 88.15 | I8: 96.08 | J8: 86.21 | K8: 92.47 | L8: 163.13 | M8: 124.04 | N8: 96.2 | O8: 61.45 | P8: 90.08 | Q8: 73.31 | R8: 140.21 | S8: 104.67 | T8: 597 | U8: 193.65 | V8: 2721.64 | W8: 322.68 | X8: 589.78 | Y8: 17380.83 | Z8: 388.05
A9: 34547 | B9: 71.49 | C9: 74.29 | D9: 73.01 | E9: 87.3 | F9: 58.7 | G9: 99.43 | H9: 87.98 | I9: 96.94 | J9: 86.3 | K9: 91.07 | L9: 164.38 | M9: 124.56 | N9: 97.28 | O9: 62.02 | P9: 90.03 | Q9: 73.8 | R9: 142.12 | S9: 104.75 | T9: 598.85 | U9: 193.94 | V9: 2607.74 | W9: 334.12 | X9: 593.53 | Y9: 16915.41 | Z9: 395.59
A10: 34578 | B10: 70.88 | C10: 73.89 | D10: 73.4 | E10: 88.66 | F10: 59.46 | G10: 100.07 | H10: 87.79 | I10: 96.43 | J10: 85.96 | K10: 91.63 | L10: 165.95 | M10: 124.34 | N10: 97.5 | O10: 62.08 | P10: 89.44 | Q10: 74.2 | R10: 141.45 | S10: 104.28 | T10: 591.57 | U10: 193.03 | V10: 2361.85 | W10: 345.35 | X10: 588.05 | Y10: 15801.93 | Z10: 397.01
A11: 34608 | B11: 70.47 | C11: 73.43 | D11: 74.59 | E11: 88.74 | F11: 59.99 | G11: 101.58 | H11: 87.15 | I11: 95.24 | J11: 86.39 | K11: 91.56 | L11: 168.71 | M11: 124.17 | N11: 97.4 | O11: 62.06 | P11: 88.97 | Q11: 74.52 | R11: 140.56 | S11: 103.71 | T11: 588.8 | U11: 192.25 | V11: 1802.76 | W11: 350.86 | X11: 583.16 | Y11: 15269.79 | Z11: 394.2
A12: 34639 | B12: 70.79 | C12: 73.79 | D12: 74.06 | E12: 87.91 | F12: 59.13 | G12: 101.4 | H12: 87.87 | I12: 97.47 | J12: 87.75 | K12: 92.25 | L12: 176.72 | M12: 124.74 | N12: 97.3 | O12: 62.31 | P12: 89.08 | Q12: 75.01 | R12: 140.52 | S12: 103.88 | T12: 588.99 | U12: 193.31 | V12: 1741.55 | W12: 354.11 | X12: 580.38 | Y12: 14875.47 | Z12: 398.03
A13: 34669 | B13: 72.59 | C13: 74.72 | D13: 73.5 | E13: 86.96 | F13: 58.69 | G13: 101.15 | H13: 88.88 | I13: 100.99 | J13: 90.36 | K13: 90.94 | L13: 179.53 | M13: 127 | N13: 97.68 | O13: 63.39 | P13: 89.79 | Q13: 75.88 | R13: 141.81 | S13: 104.72 | T13: 592.39 | U13: 196.16 | V13: 1647.69 | W13: 354.88 | X13: 504.97 | Y13: 14672.44 | Z13: 400.1
... A384: 45962 | B384: 104.6 | C384: 108.25 | D384: 110.15 | E384: 97.31 | F384: 121.09 | G384: 107.83 | H384: 117.17 | I384: 100.18 | J384: 92.76 | K384: 71.57 | L384: 91.8 | M384: 86.76 | N384: 102.78 | O384: 106.58 | P384: 103.69 | Q384: 113.2 | R384: 108.17 | S384: 106.88 | T384: 94.62 | U384: 88.21 | V384: 96.39 | W384: 126.97 | X384: 120.65 | Y384: 16.76 | Z384: 101.19

Sheet Jan2025=100
B1: USD | C1: AED | D1: EUR | E1: CAD | F1: CHF | G1: GBP | H1: ILS | I1: AUD | J1: NZD | K1: JPY | L1: PHP | M1: KRW | N1: NTD | O1: CNY | P1: HKD | Q1: SGD | R1: MYR | S1: THB | T1: IDR | U1: INR | V1: RUB | W1: BRL | X1: MXN | Y1: TRY | Z1: ZAR
A2: 34335 | B2: =Sheet1!B2/Sheet1!B$374*100 -> 64.253475 | C2: =Sheet1!C2/Sheet1!C$374*100 -> 68.162393 | D2: =Sheet1!D2/Sheet1!D$374*100 -> 62.742648 | E2: =Sheet1!E2/Sheet1!E$374*100 -> 94.215385 | F2: =Sheet1!F2/Sheet1!F$374*100 -> 47.896158 | G2: =Sheet1!G2/Sheet1!G$374*100 -> 92.866348 | H2: =Sheet1!H2/Sheet1!H$374*100 -> 83.966206 | I2: =Sheet1!I2/Sheet1!I$374*100 -> 94.881298 | ... Z2: =Sheet1!Z2/Sheet1!Z$374*100 -> 438.11659
A3: 34366 | B3: =Sheet1!B3/Sheet1!B$374*100 -> 64.325691 | C3: =Sheet1!C3/Sheet1!C$374*100 -> 68.01104 | D3: =Sheet1!D3/Sheet1!D$374*100 -> 63.405727 | E3: =Sheet1!E3/Sheet1!E$374*100 -> 92.358974 | F3: =Sheet1!F3/Sheet1!F$374*100 -> 48.375294 | G3: =Sheet1!G3/Sheet1!G$374*100 -> 91.83542 | H3: =Sheet1!H3/Sheet1!H$374*100 -> 84.202398 | I3: =Sheet1!I3/Sheet1!I$374*100 -> 96.794551 | ... Z3: =Sheet1!Z3/Sheet1!Z$374*100 -> 432.32776
A4: 34394 | B4: =Sheet1!B4/Sheet1!B$374*100 -> 64.777036 | C4: =Sheet1!C4/Sheet1!C$374*100 -> 67.681624 | D4: =Sheet1!D4/Sheet1!D$374*100 -> 65.07784 | E4: =Sheet1!E4/Sheet1!E$374*100 -> 90.810256 | F4: =Sheet1!F4/Sheet1!F$374*100 -> 48.863141 | G4: =Sheet1!G4/Sheet1!G$374*100 -> 91.743373 | H4: =Sheet1!H4/Sheet1!H$374*100 -> 83.78452 | I4: =Sheet1!I4/Sheet1!I$374*100 -> 95.692678 | ... Z4: =Sheet1!Z4/Sheet1!Z$374*100 -> 429.39258
A5: 34425 | B5: =Sheet1!B5/Sheet1!B$374*100 -> 65.34573 | C5: =Sheet1!C5/Sheet1!C$374*100 -> 68.01104 | D5: =Sheet1!D5/Sheet1!D$374*100 -> 66.038824 | E5: =Sheet1!E5/Sheet1!E$374*100 -> 89.774359 | F5: =Sheet1!F5/Sheet1!F$374*100 -> 48.889276 | G5: =Sheet1!G5/Sheet1!G$374*100 -> 91.761782 | H5: =Sheet1!H5/Sheet1!H$374*100 -> 83.766352 | I5: =Sheet1!I5/Sheet1!I$374*100 -> 96.313733 | ... Z5: =Sheet1!Z5/Sheet1!Z$374*100 -> 416.93844
A6: 34455 | B6: =Sheet1!B6/Sheet1!B$374*100 -> 65.31865 | C6: =Sheet1!C6/Sheet1!C$374*100 -> 67.592593 | D6: =Sheet1!D6/Sheet1!D$374*100 -> 67.48991 | E6: =Sheet1!E6/Sheet1!E$374*100 -> 89.866667 | F6: =Sheet1!F6/Sheet1!F$374*100 -> 49.185469 | G6: =Sheet1!G6/Sheet1!G$374*100 -> 91.9919 | H6: =Sheet1!H6/Sheet1!H$374*100 -> 82.467297 | I6: =Sheet1!I6/Sheet1!I$374*100 -> 97.004908 | ... Z6: =Sheet1!Z6/Sheet1!Z$374*100 -> 408.60171
A7: 34486 | B7: =Sheet1!B7/Sheet1!B$374*100 -> 65.417945 | C7: =Sheet1!C7/Sheet1!C$374*100 -> 67.183048 | D7: =Sheet1!D7/Sheet1!D$374*100 -> 68.489333 | E7: =Sheet1!E7/Sheet1!E$374*100 -> 89.651282 | F7: =Sheet1!F7/Sheet1!F$374*100 -> 50.108895 | G7: =Sheet1!G7/Sheet1!G$374*100 -> 92.507364 | H7: =Sheet1!H7/Sheet1!H$374*100 -> 81.004724 | I7: =Sheet1!I7/Sheet1!I$374*100 -> 97.746168 | ... Z7: =Sheet1!Z7/Sheet1!Z$374*100 -> 407.49083
A8: 34516 | B8: =Sheet1!B8/Sheet1!B$374*100 -> 64.551363 | C8: =Sheet1!C8/Sheet1!C$374*100 -> 66.07906 | D8: =Sheet1!D8/Sheet1!D$374*100 -> 69.90198 | E8: =Sheet1!E8/Sheet1!E$374*100 -> 89.210256 | F8: =Sheet1!F8/Sheet1!F$374*100 -> 50.875512 | G8: =Sheet1!G8/Sheet1!G$374*100 -> 91.734168 | H8: =Sheet1!H8/Sheet1!H$374*100 -> 80.078125 | I8: =Sheet1!I8/Sheet1!I$374*100 -> 96.243614 | ... Z8: =Sheet1!Z8/Sheet1!Z$374*100 -> 395.48512
A9: 34547 | B9: =Sheet1!B9/Sheet1!B$374*100 -> 64.533309 | C9: =Sheet1!C9/Sheet1!C$374*100 -> 66.141382 | D9: =Sheet1!D9/Sheet1!D$374*100 -> 70.161445 | E9: =Sheet1!E9/Sheet1!E$374*100 -> 89.538462 | F9: =Sheet1!F9/Sheet1!F$374*100 -> 51.136859 | G9: =Sheet1!G9/Sheet1!G$374*100 -> 91.522459 | H9: =Sheet1!H9/Sheet1!H$374*100 -> 79.923692 | I9: =Sheet1!I9/Sheet1!I$374*100 -> 97.105079 | ... Z9: =Sheet1!Z9/Sheet1!Z$374*100 -> 403.16959
A10: 34578 | B10: =Sheet1!B10/Sheet1!B$374*100 -> 63.982668 | C10: =Sheet1!C10/Sheet1!C$374*100 -> 65.785256 | D10: =Sheet1!D10/Sheet1!D$374*100 -> 70.536229 | E10: =Sheet1!E10/Sheet1!E$374*100 -> 90.933333 | F10: =Sheet1!F10/Sheet1!F$374*100 -> 51.798937 | G10: =Sheet1!G10/Sheet1!G$374*100 -> 92.111561 | H10: =Sheet1!H10/Sheet1!H$374*100 -> 79.75109 | I10: =Sheet1!I10/Sheet1!I$374*100 -> 96.59421 | ... Z10: =Sheet1!Z10/Sheet1!Z$374*100 -> 404.6168
A11: 34608 | B11: =Sheet1!B11/Sheet1!B$374*100 -> 63.612565 | C11: =Sheet1!C11/Sheet1!C$374*100 -> 65.375712 | D11: =Sheet1!D11/Sheet1!D$374*100 -> 71.6798 | E11: =Sheet1!E11/Sheet1!E$374*100 -> 91.015385 | F11: =Sheet1!F11/Sheet1!F$374*100 -> 52.26065 | G11: =Sheet1!G11/Sheet1!G$374*100 -> 93.501473 | H11: =Sheet1!H11/Sheet1!H$374*100 -> 79.169695 | I11: =Sheet1!I11/Sheet1!I$374*100 -> 95.402184 | ... Z11: =Sheet1!Z11/Sheet1!Z$374*100 -> 401.75296
A12: 34639 | B12: =Sheet1!B12/Sheet1!B$374*100 -> 63.901426 | C12: =Sheet1!C12/Sheet1!C$374*100 -> 65.696225 | D12: =Sheet1!D12/Sheet1!D$374*100 -> 71.170479 | E12: =Sheet1!E12/Sheet1!E$374*100 -> 90.164103 | F12: =Sheet1!F12/Sheet1!F$374*100 -> 51.511456 | G12: =Sheet1!G12/Sheet1!G$374*100 -> 93.335788 | H12: =Sheet1!H12/Sheet1!H$374*100 -> 79.823765 | I12: =Sheet1!I12/Sheet1!I$374*100 -> 97.635981 | ... Z12: =Sheet1!Z12/Sheet1!Z$374*100 -> 405.65634
A13: 34669 | B13: =Sheet1!B13/Sheet1!B$374*100 -> 65.526268 | C13: =Sheet1!C13/Sheet1!C$374*100 -> 66.524217 | D13: =Sheet1!D13/Sheet1!D$374*100 -> 70.632328 | E13: =Sheet1!E13/Sheet1!E$374*100 -> 89.189744 | F13: =Sheet1!F13/Sheet1!F$374*100 -> 51.128147 | G13: =Sheet1!G13/Sheet1!G$374*100 -> 93.10567 | H13: =Sheet1!H13/Sheet1!H$374*100 -> 80.741279 | I13: =Sheet1!I13/Sheet1!I$374*100 -> 101.16198 | ... Z13: =Sheet1!Z13/Sheet1!Z$374*100 -> 407.766
... A384: 45962 | B384: =Sheet1!B384/Sheet1!B$374*100 -> 94.421376 | C384: =Sheet1!C384/Sheet1!C$374*100 -> 96.376425 | D384: =Sheet1!D384/Sheet1!D$374*100 -> 105.85239 | E384: =Sheet1!E384/Sheet1!E$374*100 -> 99.805128 | F384: =Sheet1!F384/Sheet1!F$374*100 -> 105.48828 | G384: =Sheet1!G384/Sheet1!G$374*100 -> 99.254418 | H384: =Sheet1!H384/Sheet1!H$374*100 -> 106.44077 | I384: =Sheet1!I384/Sheet1!I$374*100 -> 100.3506 | ... Z384: =Sheet1!Z384/Sheet1!Z$374*100 -> 103.12882
