Workbook

Sheet NEER_MONTHLY
A1: Date | B1: DZD | C1: ARS | D1: AUD | E1: BDT | F1: BRL | G1: KHR | H1: CAD | I1: CLP | J1: CNY | K1: TWD | L1: COP | M1: EUR | N1: CZK | O1: DKK | P1: HKD | Q1: HUF | R1: ISK | S1: INR | T1: IDR | U1: ILS | V1: JPY | W1: KRW | X1: MYR | Y1: MXN | Z1: NZD | AA1: NOK | AB1: PEN | AC1: PHP | AD1: PKR | AE1: PLN | AF1: RON | AG1: RUB | AH1: SAR | AI1: SGD | AJ1: ZAR | AK1: SEK | AL1: CHF | AM1: THB | AN1: TRY | AO1: AED | AP1: GBP | AQ1: USD | AR1: VEF | AS1: VND
A2: 35065 | B2: 114.74684 | C2: 305.90952 | D2: 77.35004 | F2: 136.42343 | H2: 75.342219 | I2: 100.04379 | J2: 75.91255 | K2: 115.08337 | L2: 135.59445 | M2: 92.445521 | N2: 64.291908 | O2: 98.153407 | P2: 107.54568 | Q2: 124.67978 | R2: 184.17787 | S2: 119.1436 | T2: 403.69899 | U2: 112.31446 | V2: 75.849349 | W2: 140.60465 | X2: 123.97485 | Y2: 169.00376 | Z2: 95.19577 | AA2: 93.503128 | AB2: 99.391558 | AC2: 170.91652 | AD2: 234.08866 | AE2: 107.13624 | AF2: 907.94061 | AG2: 586.64668 | AH2: 89.294119 | AI2: 81.524857 | AJ2: 199.60939 | AK2: 105.39874 | AL2: 86.459276 | AM2: 123.49955 | AN2: 2152.8472 | AO2: 94.596475 | AP2: 95.35378 | AQ2: 93.552401 | AR2: 1314.3166
A3: 35096 | B3: 114.64947 | C3: 307.07045 | D3: 78.759752 | F3: 135.7524 | H3: 74.854885 | I3: 99.594283 | J3: 75.962376 | K3: 114.75348 | L3: 133.30408 | M3: 92.533882 | N3: 64.411508 | O3: 98.287455 | P3: 107.50333 | Q3: 123.11792 | R3: 184.2306 | S3: 116.70498 | T3: 401.25852 | U3: 113.22445 | V3: 75.846291 | W3: 141.96956 | X3: 124.18912 | Y3: 167.7542 | Z3: 96.752793 | AA3: 94.08697 | AB3: 99.360991 | AC3: 171.12535 | AD3: 233.70317 | AE3: 106.17746 | AF3: 853.67691 | AG3: 579.78987 | AH3: 89.460962 | AI3: 82.055521 | AJ3: 193.85943 | AK3: 103.26196 | AL3: 85.53359 | AM3: 123.71946 | AN3: 2037.2296 | AO3: 94.681587 | AP3: 96.007531 | AQ3: 93.792576 | AR3: 1317.5036
A4: 35125 | B4: 114.96825 | C4: 308.06675 | D4: 80.445802 | F4: 135.33363 | H4: 75.477215 | I4: 99.654365 | J4: 75.888085 | K4: 115.10737 | L4: 131.46808 | M4: 92.449125 | N4: 64.293076 | O4: 97.795127 | P4: 107.59091 | Q4: 122.49667 | R4: 184.57717 | S4: 124.13784 | T4: 395.94653 | U4: 114.08907 | V4: 75.680737 | W4: 141.90611 | X4: 124.50617 | Y4: 166.71943 | Z4: 97.205575 | AA4: 93.834064 | AB4: 99.528054 | AC4: 170.95598 | AD4: 232.97989 | AE4: 105.40268 | AF4: 832.35571 | AG4: 573.77141 | AH4: 89.550796 | AI4: 82.219267 | AJ4: 185.39366 | AK4: 105.97875 | AL4: 85.849489 | AM4: 123.80257 | AN4: 1917.137 | AO4: 94.514429 | AP4: 95.745637 | AQ4: 93.789906 | AR4: 1320.5533
A5: 35156 | B5: 115.85587 | C5: 310.20063 | D5: 82.387777 | F5: 135.91645 | H5: 75.941457 | I5: 101.06558 | J5: 76.16573 | K5: 116.00609 | L5: 133.73777 | M5: 92.238668 | N5: 64.493909 | O5: 96.997407 | P5: 107.79507 | Q5: 121.70278 | R5: 184.95037 | S5: 125.49751 | T5: 397.51484 | U5: 112.69429 | V5: 74.808156 | W5: 142.61302 | X5: 126.4169 | Y5: 169.59425 | Z5: 97.233705 | AA5: 93.668853 | AB5: 100.25629 | AC5: 171.51519 | AD5: 233.06682 | AE5: 104.71342 | AF5: 834.29528 | AG5: 573.10221 | AH5: 90.138773 | AI5: 82.350281 | AJ5: 173.83031 | AK5: 107.44562 | AL5: 85.086873 | AM5: 124.09839 | AN5: 1815.6355 | AO5: 95.066796 | AP5: 95.94781 | AQ5: 94.12435 | AR5: 1101.3607
A6: 35186 | B6: 115.15356 | C6: 312.92696 | D6: 83.649919 | F6: 136.48821 | H6: 75.389737 | I6: 102.37599 | J6: 76.274293 | K6: 115.31014 | L6: 136.52477 | M6: 91.981914 | N6: 64.90621 | O6: 96.237423 | P6: 107.86215 | Q6: 120.68555 | R6: 185.0894 | S6: 123.54875 | T6: 397.6036 | U6: 110.50075 | V6: 75.598763 | W6: 142.70451 | X6: 127.38242 | Y6: 170.03441 | Z6: 97.497211 | AA6: 93.385871 | AB6: 99.949185 | AC6: 171.5867 | AD6: 233.00916 | AE6: 103.91015 | AF6: 840.68241 | AG6: 570.90322 | AH6: 90.550182 | AI6: 82.399142 | AJ6: 168.44639 | AK6: 107.26975 | AL6: 83.580398 | AM6: 124.13454 | AN6: 1743.0591 | AO6: 95.212928 | AP6: 96.903719 | AQ6: 94.843968 | AR6: 819.89822
A7: 35217 | B7: 114.41338 | C7: 313.7011 | D7: 83.460238 | F7: 135.74704 | H7: 75.654997 | I7: 101.82144 | J7: 76.862527 | K7: 113.96769 | L7: 136.01502 | M7: 92.165254 | N7: 64.577929 | O7: 96.180332 | P7: 108.10353 | Q7: 119.79119 | R7: 184.741 | S7: 123.33552 | T7: 400.09035 | U7: 110.28292 | V7: 73.949732 | W7: 140.13269 | X7: 127.88719 | Y7: 167.43668 | Z7: 96.618692 | AA7: 93.434145 | AB7: 98.893865 | AC7: 172.42439 | AD7: 231.92301 | AE7: 102.08188 | AF7: 823.9005 | AG7: 561.88659 | AH7: 90.973034 | AI7: 82.622178 | AJ7: 169.25352 | AK7: 108.79738 | AL7: 83.183582 | AM7: 124.53615 | AN7: 1675.7898 | AO7: 95.966993 | AP7: 98.474439 | AQ7: 95.23721 | AR7: 817.32315
A8: 35247 | B8: 113.78116 | C8: 313.32234 | D8: 83.098281 | F8: 134.54436 | H8: 75.408853 | I8: 101.45237 | J8: 76.92487 | K8: 114.38629 | L8: 136.64757 | M8: 92.610836 | N8: 65.635155 | O8: 96.736926 | P8: 108.05931 | Q8: 118.43686 | R8: 184.46974 | S8: 120.96066 | T8: 399.47404 | U8: 112.32617 | V8: 73.635116 | W8: 137.51468 | X8: 128.21602 | Y8: 166.0254 | Z8: 98.480351 | AA8: 93.805735 | AB8: 98.38984 | AC8: 172.38961 | AD8: 229.73437 | AE8: 101.11779 | AF8: 798.46518 | AG8: 547.85397 | AH8: 90.972831 | AI8: 82.125223 | AJ8: 166.80704 | AK8: 108.38461 | AL8: 83.985002 | AM8: 124.47679 | AN8: 1605.4215 | AO8: 96.121527 | AP8: 98.488893 | AQ8: 95.209907 | AR8: 817.01742
A9: 35278 | B9: 113.0502 | C9: 313.19577 | D9: 82.194928 | F9: 133.05808 | H9: 75.157686 | I9: 101.01995 | J9: 76.729084 | K9: 114.70396 | L9: 138.83822 | M9: 92.957117 | N9: 66.640819 | O9: 97.282458 | P9: 107.83194 | Q9: 117.15129 | R9: 184.70795 | S9: 120.18441 | T9: 396.5573 | U9: 113.05063 | V9: 74.523195 | W9: 136.37137 | X9: 127.65324 | Y9: 168.27338 | Z9: 98.273489 | AA9: 93.847472 | AB9: 97.166426 | AC9: 171.79211 | AD9: 227.30135 | AE9: 100.00329 | AF9: 776.18438 | AG9: 530.87511 | AH9: 90.711544 | AI9: 82.127895 | AJ9: 161.20646 | AK9: 108.04357 | AL9: 85.544379 | AM9: 124.27613 | AN9: 1555.4472 | AO9: 95.737043 | AP9: 97.645214 | AQ9: 94.806627 | AR9: 808.9411
A10: 35309 | B10: 113.50924 | C10: 314.84199 | D10: 83.585165 | F10: 133.07649 | H10: 75.416913 | I10: 101.34017 | J10: 77.207393 | K10: 114.6888 | L10: 140.10979 | M10: 92.736468 | N10: 67.152509 | O10: 96.86758 | P10: 108.17162 | Q10: 116.35274 | R10: 184.58919 | S10: 120.4938 | T10: 400.94278 | U10: 113.03013 | V10: 73.268977 | W10: 136.17622 | X10: 127.80911 | Y10: 167.78707 | Z10: 99.499836 | AA10: 93.77507 | AB10: 96.608075 | AC10: 172.37672 | AD10: 221.51705 | AE10: 99.166903 | AF10: 770.36154 | AG10: 527.21468 | AH10: 91.324596 | AI10: 82.687561 | AJ10: 162.89517 | AK10: 108.61601 | AL10: 84.219779 | AM10: 124.40839 | AN10: 1499.2499 | AO10: 96.504216 | AP10: 99.056938 | AQ10: 95.232127 | AR10: 808.52784
A11: 35339 | B11: 113.9245 | C11: 316.53029 | D11: 83.828952 | F11: 132.85152 | H11: 76.549206 | I11: 100.93244 | J11: 77.738346 | K11: 114.55436 | L11: 143.97127 | M11: 92.525025 | N11: 66.397444 | O11: 96.2918 | P11: 108.50688 | Q11: 115.57035 | R11: 184.521 | S11: 121.20975 | T11: 404.54203 | U11: 111.51628 | V11: 71.75895 | W11: 135.9481 | X11: 128.19026 | Y11: 163.93109 | Z11: 100.51259 | AA11: 93.566216 | AB11: 94.479293 | AC11: 173.10584 | AD11: 213.71655 | AE11: 98.477366 | AF11: 754.92843 | AG11: 525.80749 | AH11: 91.959855 | AI11: 82.826214 | AJ11: 160.77309 | AK11: 109.84288 | AL11: 82.952191 | AM11: 124.92137 | AN11: 1429.2904 | AO11: 97.351759 | AP11: 101.41598 | AQ11: 95.58986 | AR11: 818.71796
A12: 35370 | B12: 113.75239 | C12: 315.95989 | D12: 83.904136 | F12: 131.61178 | H12: 77.170917 | I12: 99.471791 | J12: 77.532878 | K12: 114.59887 | L12: 146.04695 | M12: 92.757158 | N12: 66.232058 | O12: 95.922894 | P12: 108.16355 | Q12: 114.12149 | R12: 184.11838 | S12: 120.36228 | T12: 400.36484 | U12: 109.97975 | V12: 71.608746 | W12: 135.23601 | X12: 126.82317 | Y12: 160.02969 | Z12: 101.23772 | AA12: 94.091928 | AB12: 93.063334 | AC12: 172.51149 | AD12: 201.68013 | AE12: 97.358383 | AF12: 708.87931 | AG12: 517.36277 | AH12: 91.632291 | AI12: 83.270656 | AJ12: 156.37523 | AK12: 107.84393 | AL12: 80.876857 | AM12: 124.56906 | AN12: 1347.414 | AO12: 97.006567 | AP12: 105.56664 | AQ12: 95.205296 | AR12: 813.62877
A13: 35400 | B13: 114.33765 | C13: 318.83696 | D13: 84.664919 | F13: 131.88119 | H13: 75.993773 | I13: 99.6946 | J13: 78.134759 | K13: 114.62132 | L13: 146.71613 | M13: 92.357368 | N13: 66.216799 | O13: 95.472251 | P13: 108.62051 | Q13: 113.21259 | R13: 184.59758 | S13: 121.29329 | T13: 400.43092 | U13: 110.23583 | V13: 70.944737 | W13: 134.28844 | X13: 127.51756 | Y13: 160.99633 | Z13: 101.08005 | AA13: 93.987114 | AB13: 93.843287 | AC13: 173.40044 | AD13: 203.39907 | AE13: 97.675871 | AF13: 662.89032 | AG13: 521.64986 | AH13: 92.584323 | AI13: 83.953454 | AJ13: 157.11193 | AK13: 106.41288 | AL13: 78.927243 | AM13: 124.85269 | AN13: 1289.5146 | AO13: 97.903397 | AP13: 107.28531 | AQ13: 96.184406 | AR13: 810.65921
... A54: 36647 | B54: 120.22135 | C54: 438.77107 | D54: 73.112152 | F54: 88.06831 | H54: 70.983637 | I54: 94.17241 | J54: 91.640308 | K54: 102.5598 | L54: 82.997565 | M54: 89.9463 | N54: 65.541167 | O54: 91.064471 | P54: 117.4415 | Q54: 98.807429 | R54: 206.13056 | S54: 120.8375 | T54: 128.46905 | U54: 106.5435 | V54: 90.428381 | W54: 117.77568 | X54: 97.826319 | Y54: 137.42728 | Z54: 80.707164 | AA54: 86.168824 | AB54: 82.661064 | AC54: 121.7708 | AD54: 186.47594 | AE54: 91.698558 | AF54: 200.14428 | AG54: 137.49865 | AH54: 113.19836 | AI54: 89.12174 | AJ54: 125.97303 | AK54: 104.7729 | AL54: 79.811762 | AM54: 94.327252 | AN54: 307.86453 | AO54: 113.8913 | AP54: 126.5439 | AQ54: 115.67741 | AR54: 654.32024
A55: 36678 | B55: 119.73762 | C55: 432.47294 | D55: 74.386817 | E55: 152.34626 | F55: 87.575811 | G55: 119.42332 | H55: 71.651621 | I55: 91.586677 | J55: 90.654678 | K55: 102.34689 | L55: 79.677477 | M55: 91.211393 | N55: 67.14614 | O55: 92.128071 | P55: 116.57049 | Q55: 99.512478 | R55: 201.14604 | S55: 116.74185 | T55: 122.69335 | U55: 105.25181 | V55: 91.604766 | W55: 116.70668 | X55: 96.932262 | Y55: 132.51058 | Z55: 79.815957 | AA55: 87.056692 | AB55: 82.087812 | AC55: 118.1933 | AD55: 183.47292 | AE55: 90.347391 | AF55: 187.43056 | AG55: 133.77279 | AH55: 111.67581 | AI55: 88.390075 | AJ55: 125.48677 | AK55: 105.24971 | AL55: 80.645441 | AM55: 92.776036 | AN55: 299.7997 | AO55: 112.54544 | AP55: 122.93154 | AQ55: 114.60374 | AR55: 650.98798 | AS55: 158.06317
A56: 36708 | B56: 119.75979 | C56: 433.56071 | D56: 74.239896 | E56: 155.08214 | F56: 88.524351 | G56: 117.40525 | H56: 71.637934 | I56: 89.519917 | J56: 91.281127 | K56: 101.88832 | L56: 78.335502 | M56: 90.921931 | N56: 67.629641 | O56: 91.979066 | P56: 117.01879 | Q56: 99.006626 | R56: 197.3409 | S56: 116.95839 | T56: 116.1175 | U56: 106.23436 | V56: 90.543088 | W56: 117.77346 | X56: 97.764531 | Y56: 138.24183 | Z56: 78.756693 | AA56: 87.638539 | AB56: 82.436948 | AC56: 114.19173 | AD56: 184.3981 | AE56: 92.768277 | AF56: 183.90007 | AG56: 136.52277 | AH56: 112.39765 | AI56: 88.761604 | AJ56: 127.08824 | AK56: 103.70068 | AL56: 80.99682 | AM56: 90.749436 | AN56: 295.97841 | AO56: 113.61699 | AP56: 123.82608 | AQ56: 114.70918 | AR56: 647.50138 | AS56: 161.55077
A57: 36739 | B57: 119.75226 | C57: 439.13872 | D57: 73.779258 | E57: 154.39584 | F57: 89.297807 | G57: 117.93022 | H57: 71.551266 | I57: 88.83514 | J57: 91.815424 | K57: 101.44489 | L57: 77.983699 | M57: 89.947298 | N57: 67.67629 | O57: 91.155596 | P57: 117.51095 | Q57: 97.906939 | R57: 197.48023 | S57: 115.80808 | T57: 126.91351 | U57: 109.2232 | V57: 90.79263 | W57: 118.32059 | X57: 98.077391 | Y57: 140.92971 | Z57: 76.764959 | AA57: 87.457788 | AB57: 83.289291 | AC57: 113.54753 | AD57: 186.07669 | AE57: 94.577243 | AF57: 182.64007 | AG57: 140.3877 | AH57: 113.41403 | AI57: 89.811047 | AJ57: 127.78999 | AK57: 102.67722 | AL57: 80.117153 | AM57: 89.768002 | AN57: 294.79001 | AO57: 114.69677 | AP57: 125.34186 | AQ57: 115.4591 | AR57: 648.16722 | AS57: 159.94568
A58: 36770 | B58: 119.92607 | C58: 446.50256 | D58: 71.145694 | E58: 147.70987 | F58: 89.058781 | G58: 119.97585 | H58: 71.653067 | I58: 87.270765 | J58: 92.37613 | K58: 101.12643 | L58: 77.67423 | M58: 89.262558 | N58: 67.237841 | O58: 90.576031 | P58: 118.21013 | Q58: 96.739191 | R58: 195.39071 | S58: 117.09087 | T58: 125.08267 | U58: 111.44856 | V58: 92.928014 | W58: 118.9772 | X58: 98.884589 | Y58: 140.22863 | Z58: 73.30685 | AA58: 87.587904 | AB58: 83.97008 | AC58: 112.04851 | AD58: 188.41751 | AE58: 94.716097 | AF58: 178.84927 | AG58: 143.76636 | AH58: 114.53897 | AI58: 89.683092 | AJ58: 126.63234 | AK58: 101.55778 | AL58: 80.480894 | AM58: 88.131888 | AN58: 293.99709 | AO58: 115.7463 | AP58: 123.64807 | AQ58: 116.59544 | AR58: 651.56271 | AS58: 161.82349
A59: 36800 | B59: 120.9787 | C59: 452.82727 | D59: 68.768392 | E59: 148.76192 | F59: 87.881494 | G59: 122.34489 | H59: 70.513629 | I59: 87.699109 | J59: 93.448114 | K59: 99.066958 | L59: 79.522084 | M59: 88.764379 | N59: 67.501498 | O59: 90.453069 | P59: 119.00614 | Q59: 96.195682 | R59: 193.11051 | S59: 116.9327 | T59: 122.13668 | U59: 110.80985 | V59: 92.423282 | W59: 118.86087 | X59: 99.976207 | Y59: 137.81381 | Z59: 71.615746 | AA59: 87.347016 | AB59: 84.043291 | AC59: 107.02589 | AD59: 186.29094 | AE59: 93.196925 | AF59: 175.03348 | AG59: 145.36316 | AH59: 115.84555 | AI59: 90.197803 | AJ59: 122.66169 | AK59: 99.614255 | AL59: 81.02533 | AM59: 86.238358 | AN59: 291.7469 | AO59: 117.33313 | AP59: 127.02213 | AQ59: 118.37349 | AR59: 651.764 | AS59: 162.35851
A60: 36831 | B60: 122.56607 | C60: 458.62898 | D60: 68.421146 | E60: 150.76061 | F60: 85.010635 | G60: 123.15701 | H60: 69.163248 | I60: 87.020779 | J60: 94.046553 | K60: 97.223184 | L60: 81.260158 | M60: 89.057441 | N60: 68.769901 | O60: 90.68272 | P60: 119.4124 | Q60: 95.851243 | R60: 188.78473 | S60: 116.34182 | T60: 117.44275 | U60: 110.81895 | V60: 92.595376 | W60: 116.49446 | X60: 100.55919 | Y60: 138.41694 | Z60: 71.876752 | AA60: 87.959757 | AB60: 83.5575 | AC60: 104.47605 | AD60: 174.15452 | AE60: 94.969113 | AF60: 171.4405 | AG60: 145.76545 | AH60: 116.62494 | AI60: 91.119424 | AJ60: 119.98419 | AK60: 98.663068 | AL60: 80.77573 | AM60: 85.763844 | AN60: 289.41017 | AO60: 118.39817 | AP60: 124.99603 | AQ60: 119.3585 | AR60: 650.13185 | AS60: 162.95837
A61: 36861 | B61: 123.24101 | C61: 455.15274 | D61: 71.249958 | E61: 147.41379 | F61: 83.176556 | G61: 121.07176 | H61: 69.829842 | I61: 86.443264 | J61: 94.333733 | K61: 95.316001 | L61: 78.711974 | M61: 90.241527 | N61: 68.77943 | O61: 91.668454 | P61: 119.25508 | Q61: 96.586513 | R61: 186.0415 | S61: 114.85014 | T61: 116.08961 | U61: 109.40385 | V61: 89.453675 | W61: 110.72435 | X61: 100.44769 | Y61: 138.90358 | Z61: 76.194862 | AA61: 87.698576 | AB61: 82.958085 | AC61: 104.33005 | AD61: 168.19045 | AE61: 96.645865 | AF61: 162.66789 | AG61: 140.30188 | AH61: 116.29398 | AI61: 91.683295 | AJ61: 118.29405 | AK61: 99.669476 | AL61: 82.345503 | AM61: 86.662568 | AN61: 284.05223 | AO61: 118.66155 | AP61: 124.6069 | AQ61: 118.49361 | AR61: 645.14309 | AS61: 159.42419
A62: 36892 | B62: 123.18759 | C62: 450.41626 | D62: 72.483676 | E62: 145.5416 | F62: 82.729102 | G62: 119.86901 | H62: 70.819303 | I62: 86.624446 | J62: 94.766852 | K62: 96.529689 | L62: 76.331046 | M62: 91.632548 | N62: 68.742858 | O62: 93.022682 | P62: 119.19066 | Q62: 97.757072 | R62: 184.10035 | S62: 114.31399 | T62: 116.13579 | U62: 106.53683 | V62: 85.450729 | W62: 105.5675 | X62: 100.64643 | Y62: 134.2699 | Z62: 78.646309 | AA62: 88.277201 | AB62: 82.27949 | AC62: 103.02162 | AD62: 163.96239 | AE62: 98.269783 | AF62: 153.6616 | AG62: 134.90694 | AH62: 116.31953 | AI62: 91.705652 | AJ62: 114.58748 | AK62: 98.400831 | AL62: 82.748796 | AM62: 87.119437 | AN62: 280.00696 | AO62: 119.44187 | AP62: 122.73776 | AQ62: 118.35611 | AR62: 642.49688 | AS62: 158.70317
A63: 36923 | B63: 123.45295 | C63: 455.13278 | D63: 69.955842 | E63: 148.19357 | F63: 81.308766 | G63: 121.3052 | H63: 69.969917 | I63: 88.188903 | J63: 94.857606 | K63: 97.591598 | L63: 76.541193 | M63: 91.414457 | N63: 69.520575 | O63: 92.814019 | P63: 119.30229 | Q63: 97.15279 | R63: 184.65935 | S63: 115.20523 | T63: 114.28226 | U63: 107.62256 | V63: 86.093136 | W63: 107.689 | X63: 100.77482 | Y63: 135.2954 | Z63: 77.79222 | AA63: 88.27683 | AB63: 82.449577 | AC63: 108.48783 | AD63: 163.55284 | AE63: 100.34412 | AF63: 153.39856 | AG63: 135.97526 | AH63: 116.8025 | AI63: 91.531319 | AJ63: 115.14629 | AK63: 97.337874 | AL63: 82.118118 | AM63: 88.332457 | AN63: 243.67607 | AO63: 119.79176 | AP63: 122.30272 | AQ63: 118.93634 | AR63: 641.82876 | AS63: 160.5053
A64: 36951 | B64: 125.34638 | C64: 464.88374 | D64: 67.039749 | E64: 149.71002 | F64: 78.766251 | G64: 122.41949 | H64: 68.537681 | I64: 85.479771 | J64: 96.543618 | K64: 96.760042 | L64: 75.849163 | M64: 91.50095 | N64: 69.497945 | O64: 92.828846 | P64: 120.45366 | Q64: 96.797137 | R64: 183.53965 | S64: 116.35898 | T64: 110.03118 | U64: 107.97042 | V64: 83.291081 | W64: 106.04056 | X64: 102.61237 | Y64: 137.28994 | Z64: 76.691352 | AA64: 88.921322 | AB64: 83.557769 | AC64: 109.48076 | AD64: 163.75577 | AE64: 102.24448 | AF64: 153.81985 | AG64: 138.06974 | AH64: 119.00255 | AI64: 91.574415 | AJ64: 115.72149 | AK64: 95.73388 | AL64: 82.193208 | AM64: 87.201059 | AN64: 197.9031 | AO64: 122.60229 | AP64: 123.36978 | AQ64: 120.8516 | AR64: 644.08418 | AS64: 163.26913
A65: 36982 | B65: 127.38922 | C65: 475.08685 | D65: 67.610234 | E65: 152.70848 | F65: 75.773433 | G65: 125.39172 | H65: 68.621959 | I65: 84.72041 | J65: 97.802318 | K65: 95.804504 | L65: 74.833658 | M65: 91.322986 | N65: 69.315154 | O65: 92.451817 | P65: 121.39988 | Q65: 96.344154 | R65: 174.65035 | S65: 117.42296 | T65: 102.26517 | U65: 109.15849 | V65: 82.557504 | W65: 104.28382 | X65: 104.16527 | Y65: 141.59747 | Z65: 75.237924 | AA65: 88.952036 | AB65: 83.349117 | AC65: 107.02089 | AD65: 164.16061 | AE65: 104.93103 | AF65: 154.42824 | AG65: 140.02046 | AH65: 120.96096 | AI65: 91.040148 | AJ65: 114.33622 | AK65: 95.602174 | AL65: 82.367806 | AM65: 85.322258 | AN65: 160.03139 | AO65: 124.82098 | AP65: 124.40903 | AQ65: 121.69168 | AR65: 644.4818 | AS65: 168.40874
A66: 37012 | B66: 125.93705 | C66: 482.93478 | D66: 70.186424 | E66: 151.65788 | F66: 73.113916 | G66: 123.87317 | H66: 69.401082 | I66: 84.163591 | J66: 97.673673 | K66: 94.85704 | L66: 74.286393 | M66: 90.633588 | N66: 69.334299 | O66: 91.824615 | P66: 121.41822 | Q66: 99.066889 | R66: 163.56825 | S66: 117.37311 | T66: 100.73993 | U66: 110.75748 | V66: 83.978443 | W66: 106.63738 | X66: 104.07051 | Y66: 144.73041 | Z66: 77.464653 | AA66: 89.5695 | AB66: 82.760358 | AC66: 106.57195 | AD66: 163.35368 | AE66: 107.57575 | AF66: 152.74096 | AG66: 140.45558 | AH66: 120.8322 | AI66: 91.062182 | AJ66: 116.71569 | AK66: 95.334663 | AL66: 81.545726 | AM66: 85.212014 | AN66: 173.41054 | AO66: 124.5903 | AP66: 124.87653 | AQ66: 121.32415 | AR66: 643.41474 | AS66: 165.33241
... A272: 43282 | B272: 81.493518 | C272: 20.066862 | D272: 87.761176 | E272: 99.602085 | F272: 61.959709 | G272: 112.93077 | H272: 81.959557 | I272: 94.915498 | J272: 116.43938 | K272: 103.18449 | L272: 87.003214 | M272: 102.93702 | N272: 100.48566 | O272: 103.57925 | P272: 103.13669 | Q272: 87.813775 | R272: 134.80152 | S272: 84.180844 | T272: 70.933194 | U272: 117.01803 | V272: 85.623905 | W272: 115.89043 | X272: 87.802264 | Y272: 69.188084 | Z272: 104.443 | AA272: 86.059077 | AB272: 101.02447 | AC272: 92.253075 | AD272: 76.696866 | AE272: 96.836024 | AF272: 97.340631 | AG272: 56.851907 | AH272: 114.83051 | AI272: 112.25039 | AJ272: 62.707093 | AK272: 96.08959 | AL272: 121.83038 | AM272: 107.77631 | AN272: 37.232016 | AO272: 118.43175 | AP272: 97.857266 | AQ272: 122.39146 | AR272: 0.0038739208 | AS272: 91.430842
A273: 43313 | B273: 83.155123 | C273: 17.968366 | D273: 87.673917 | E273: 99.909502 | F273: 58.950038 | G273: 113.02306 | H273: 82.833594 | I273: 95.5733 | J273: 115.07015 | K273: 102.66329 | L273: 76.677712 | M273: 103.25841 | N273: 101.38759 | O273: 104.06591 | P273: 104.36548 | Q273: 88.546453 | R273: 135.36587 | S273: 74.748532 | T273: 70.690728 | U273: 118.25408 | V273: 86.705832 | W273: 117.40151 | X273: 87.535262 | Y273: 70.084712 | Z273: 103.47384 | AA273: 85.346991 | AB273: 101.72918 | AC273: 92.929254 | AD273: 78.241119 | AE273: 98.222475 | AF273: 98.41633 | AG273: 54.881965 | AH273: 116.06576 | AI273: 112.62846 | AJ273: 60.320429 | AK273: 94.980991 | AL273: 121.65036 | AM273: 109.44244 | AN273: 30.372496 | AO273: 120.04534 | AP273: 97.071299 | AQ273: 121.66311 | AS273: 90.81959
A274: 43344 | B274: 84.301005 | C274: 14.132623 | D274: 86.33467 | E274: 101.41386 | F274: 57.436645 | G274: 111.90553 | H274: 82.829269 | I274: 93.290973 | J274: 115.44865 | K274: 102.60497 | L274: 75.44402 | M274: 103.69971 | N274: 101.89715 | O274: 104.37465 | P274: 104.66388 | Q274: 88.2975 | R274: 131.07922 | S274: 72.243852 | T274: 69.532752 | U274: 120.66875 | V274: 86.123973 | W274: 118.00736 | X274: 86.814141 | Y274: 69.508427 | Z274: 102.61744 | AA274: 85.516466 | AB274: 101.9279 | AC274: 91.856957 | AD274: 78.387904 | AE274: 98.178257 | AF274: 98.837913 | AG274: 53.802546 | AH274: 116.63537 | AI274: 112.78466 | AJ274: 57.672372 | AK274: 95.499014 | AL274: 123.80389 | AM274: 111.3669 | AN274: 28.380383 | AO274: 120.79848 | AP274: 98.194556 | AQ274: 122.00527 | AS274: 91.068191
A275: 43374 | B275: 84.117172 | C275: 14.32897 | D275: 85.941745 | E275: 102.13673 | F275: 63.03001 | G275: 112.89743 | H275: 83.30768 | I275: 93.792384 | J275: 114.71309 | K275: 102.08973 | L275: 74.17 | M275: 103.09426 | N275: 100.77066 | O275: 103.75464 | P275: 105.59527 | Q275: 88.296233 | R275: 124.80447 | S275: 71.122486 | T275: 68.534104 | U275: 118.96404 | V275: 85.899547 | W275: 117.26818 | X275: 87.002372 | Y275: 69.208685 | Z275: 102.40289 | AA275: 86.238412 | AB275: 101.45796 | AC275: 92.63567 | AD275: 74.607414 | AE275: 97.630771 | AF275: 97.819409 | AG275: 55.640145 | AH275: 117.33066 | AI275: 112.91928 | AJ275: 59.2051 | AK275: 95.520416 | AL275: 121.47514 | AM275: 111.46732 | AN275: 31.099035 | AO275: 121.68824 | AP275: 98.658304 | AQ275: 122.65471 | AS275: 91.553682
A276: 43405 | B276: 84.408505 | C276: 14.741603 | D276: 87.675113 | E276: 102.02506 | F276: 62.860551 | G276: 113.98935 | H276: 82.402043 | I276: 94.045406 | J276: 114.44691 | K276: 102.33555 | L276: 72.02768 | M276: 102.73037 | N276: 100.08695 | O276: 103.41966 | P276: 105.79394 | Q276: 88.527247 | R276: 119.52619 | S276: 72.95802 | T276: 70.922795 | U276: 117.45611 | V276: 85.587471 | W276: 117.90546 | X276: 86.315372 | Y276: 65.607715 | Z276: 106.04949 | AA276: 84.615833 | AB276: 100.6911 | AC276: 94.726431 | AD276: 73.021251 | AE276: 97.462394 | AF276: 97.431314 | AG276: 55.178135 | AH276: 117.09753 | AI276: 113.13657 | AJ276: 61.071846 | AK276: 96.25428 | AL276: 121.04653 | AM276: 110.75691 | AN276: 34.031968 | AO276: 121.25357 | AP276: 98.292762 | AQ276: 124.25361 | AS276: 91.51979
A277: 43435 | B277: 84.627364 | C277: 14.242891 | D277: 86.470338 | E277: 101.44897 | F277: 61.231629 | G277: 114.01321 | H277: 80.954156 | I277: 93.452065 | J277: 115.36306 | K277: 102.40448 | L277: 71.551298 | M277: 102.82865 | N277: 100.50896 | O277: 103.57369 | P277: 105.3692 | Q277: 88.431286 | R277: 121.3609 | S277: 73.837802 | T277: 71.37744 | U277: 115.83245 | V277: 86.174712 | W277: 118.07935 | X277: 86.288218 | Y277: 66.014062 | Z277: 106.69432 | AA277: 83.319309 | AB277: 100.97094 | AC277: 94.21987 | AD277: 70.327254 | AE277: 97.835184 | AF277: 97.635629 | AG277: 54.279925 | AH277: 116.72172 | AI277: 113.17055 | AJ277: 60.396626 | AK277: 96.661923 | AL277: 122.01317 | AM277: 111.29076 | AN277: 34.261075 | AO277: 120.85089 | AP277: 96.544004 | AQ277: 124.31872 | AS277: 90.909434
A278: 43466 | B278: 84.278271 | C278: 14.184502 | D278: 85.035286 | E278: 101.26722 | F278: 63.004335 | G278: 113.86295 | H278: 81.20606 | I278: 92.986017 | J278: 116.20865 | K278: 102.28753 | L278: 72.119025 | M278: 102.56529 | N278: 101.09919 | O278: 103.33542 | P278: 103.9246 | Q278: 89.163253 | R278: 122.25118 | S278: 73.299867 | T278: 72.311538 | U278: 117.40545 | V278: 88.194299 | W278: 116.92062 | X278: 86.465519 | Y278: 68.930609 | Z278: 104.97105 | AA278: 83.370138 | AB278: 100.49838 | AC278: 93.851398 | AD278: 69.645438 | AE278: 97.61648 | AF278: 96.407306 | AG278: 54.32139 | AH278: 115.69387 | AI278: 113.27435 | AJ278: 61.475718 | AK278: 96.522013 | AL278: 121.58903 | AM278: 113.21102 | AN278: 33.756167 | AO278: 119.85834 | AP278: 97.692754 | AQ278: 122.37336 | AS278: 90.940799
A279: 43497 | B279: 84.217307 | C279: 13.800873 | D279: 84.824901 | E279: 101.26722 | F279: 63.227352 | G279: 113.45678 | H279: 81.825604 | I279: 95.837589 | J279: 117.14943 | K279: 102.39566 | L279: 73.180339 | M279: 102.3073 | N279: 100.66434 | O279: 103.40211 | P279: 103.49713 | Q279: 89.62171 | R279: 122.41958 | S279: 72.700394 | T279: 72.826938 | U279: 119.3943 | V279: 86.776782 | W279: 116.7211 | X279: 87.173729 | Y279: 68.880447 | Z279: 105.74682 | AA279: 83.37296 | AB279: 101.00788 | AC279: 94.320377 | AD279: 69.37122 | AE279: 96.798791 | AF279: 95.311024 | AG279: 55.241834 | AH279: 115.76185 | AI279: 113.27127 | AJ279: 61.655899 | AK279: 94.150538 | AL279: 120.35394 | AM279: 115.0361 | AN279: 34.445664 | AO279: 119.95475 | AP279: 98.927313 | AQ279: 122.15389 | AS279: 90.782435
A280: 43525 | B280: 84.648555 | C280: 12.978813 | D280: 84.145555 | E280: 101.05724 | F280: 61.613204 | G280: 118.38502 | H280: 80.894436 | I280: 94.647978 | J280: 118.09278 | K280: 102.20626 | L280: 73.186104 | M280: 102.08293 | N280: 100.6831 | O280: 103.19036 | P280: 103.34448 | Q280: 90.088388 | R280: 122.75737 | S280: 74.694092 | T280: 72.041787 | U280: 119.83296 | V280: 86.289372 | W280: 115.85113 | X280: 87.283312 | Y280: 68.77234 | Z280: 105.90457 | AA280: 83.360636 | AB280: 101.88197 | AC280: 93.938688 | AD280: 68.632137 | AE280: 97.05228 | AF280: 95.135233 | AG280: 55.99637 | AH280: 115.96851 | AI280: 113.36476 | AJ280: 59.319477 | AK280: 93.918703 | AL280: 120.6208 | AM280: 113.58236 | AN280: 33.182985 | AO280: 120.00833 | AP280: 100.51914 | AQ280: 122.58852 | AS280: 91.003127
A281: 43556 | B281: 85.025361 | C281: 12.419554 | D281: 84.723933 | E281: 101.02762 | F281: 60.992085 | G281: 113.79019 | H281: 80.851264 | I281: 95.09991 | J281: 118.33017 | K281: 102.21381 | L281: 72.783821 | M281: 102.05241 | N281: 100.70094 | O281: 103.04669 | P281: 103.57445 | Q281: 88.613523 | R281: 123.00487 | S281: 74.928701 | T281: 72.515803 | U281: 121.13086 | V281: 86.074926 | W281: 114.91183 | X281: 86.622394 | Y281: 69.75528 | Z281: 104.28518 | AA281: 84.192678 | AB281: 102.28128 | AC281: 95.047425 | AD281: 68.471648 | AE281: 97.270046 | AF281: 95.309442 | AG281: 56.782325 | AH281: 116.34251 | AI281: 113.45457 | AJ281: 60.515496 | AK281: 93.955765 | AL281: 120.39529 | AM281: 113.4003 | AN281: 31.736412 | AO281: 120.45805 | AP281: 99.96929 | AQ281: 122.70134 | AS281: 91.31721
A282: 43586 | B282: 86.026072 | C282: 12.136713 | D282: 83.543859 | E282: 101.82067 | F282: 59.956138 | G282: 113.74933 | H282: 80.629328 | I282: 92.92002 | J282: 116.81693 | K282: 100.87957 | L282: 70.270555 | M282: 102.38755 | N282: 100.59802 | O282: 103.70052 | P282: 105.04153 | Q282: 87.790087 | R282: 121.49832 | S282: 75.128942 | T282: 71.949733 | U282: 122.23369 | V282: 88.449536 | W282: 111.83116 | X282: 86.171142 | Y282: 69.547978 | Z282: 102.91413 | AA282: 83.344448 | AB282: 102.81043 | AC282: 95.325622 | AD282: 66.837755 | AE282: 97.372884 | AF282: 95.723263 | AG282: 57.201494 | AH282: 117.43745 | AI282: 113.223 | AJ282: 59.871253 | AK282: 92.06675 | AL282: 120.88129 | AM282: 114.49774 | AN282: 30.453813 | AO282: 121.58022 | AP282: 99.135733 | AQ282: 123.98401 | AS282: 92.135843
A283: 43617 | B283: 85.519842 | C283: 12.268665 | D283: 83.290364 | E283: 101.33804 | F283: 61.863192 | G283: 113.07683 | H283: 81.627634 | I283: 92.373816 | J283: 115.48794 | K283: 100.80854 | L283: 70.999867 | M283: 102.51531 | N283: 101.25109 | O283: 103.74105 | P283: 105.34861 | Q283: 88.435977 | R283: 118.99897 | S283: 75.225185 | T283: 72.461155 | U283: 121.30739 | V283: 89.746854 | W283: 112.66155 | X283: 85.967312 | Y283: 68.841138 | Z283: 103.26987 | AA283: 83.873598 | AB283: 102.61451 | AC283: 95.843709 | AD283: 62.493244 | AE283: 98.136867 | AF283: 96.321037 | AG283: 57.476345 | AH283: 116.84085 | AI283: 113.4819 | AJ283: 58.945232 | AK283: 93.149396 | AL283: 122.88857 | AM283: 116.54264 | AN283: 31.536205 | AO283: 120.98701 | AP283: 97.125138 | AQ283: 123.49392 | AS283: 91.18522
A284: 43647 | B284: 85.269363 | C284: 12.586311 | D284: 83.603712 | E284: 100.68563 | F284: 62.815956 | G284: 111.46993 | H284: 82.830482 | I284: 92.849192 | J284: 115.66022 | K284: 101.48325 | L284: 71.941993 | M284: 102.21342 | N284: 101.35414 | O284: 103.42657 | P284: 105.28248 | Q284: 87.546658 | R284: 119.43732 | S284: 75.756013 | T284: 73.216723 | U284: 123.21043 | V284: 89.397845 | W284: 112.03977 | X284: 86.451267 | Y284: 69.681554 | Z284: 104.37675 | AA284: 84.502182 | AB284: 103.37545 | AC284: 96.834407 | AD284: 61.030817 | AE284: 98.008151 | AF284: 96.084719 | AG284: 58.385061 | AH284: 116.63723 | AI284: 113.26636 | AJ284: 61.289727 | AK284: 93.481463 | AL284: 123.44378 | AM284: 117.44732 | AN284: 32.424299 | AO284: 120.70359 | AP284: 95.709795 | AQ284: 122.88724 | AS284: 91.255449
... A361: 45992 | B361: 93.83624 | C361: 0.41814473 | D361: 86.580076 | E361: 77.084992 | F361: 53.147186 | G361: 118.62124 | H361: 79.722256 | I361: 87.374716 | J361: 127.72842 | K361: 100.59692 | L361: 70.202106 | M361: 107.85832 | N361: 111.20101 | O361: 108.84742 | P361: 110.25058 | Q361: 77.493031 | R361: 119.31977 | S361: 64.59733 | T361: 67.821547 | U361: 147.69914 | V361: 64.729599 | W361: 96.306094 | X361: 93.694134 | Y361: 74.917359 | Z361: 94.867765 | AA361: 71.116922 | AB361: 127.64089 | AC361: 92.173067 | AD361: 36.316887 | AE361: 101.66857 | AF361: 101.40984 | AG361: 63.950746 | AH361: 131.70699 | AI361: 125.79428 | AJ361: 53.608158 | AK361: 95.412647 | AL361: 160.81709 | AM361: 121.19619 | AN361: 4.5103567 | AO361: 147.10273 | AP361: 106.74066 | AQ361: 130.15781 | AS361: 87.7675

Sheet 2025Jan=100
A1: Date | B1: DZD | C1: ARS | D1: AUD | E1: BDT | F1: BRL | G1: KHR | H1: CAD | I1: CLP | J1: CNY | K1: TWD | L1: COP | M1: EUR | N1: CZK | O1: DKK | P1: HKD | Q1: HUF | R1: ISK | S1: INR | T1: IDR | U1: ILS | V1: JPY | W1: KRW | X1: MYR | Y1: MXN | Z1: NZD | AA1: NOK | AB1: PEN | AC1: PHP | AD1: PKR | AE1: PLN | AF1: RON | AG1: RUB | AH1: SAR | AI1: SGD | AJ1: ZAR | AK1: SEK | AL1: CHF | AM1: THB | AN1: TRY | AO1: AED | AP1: GBP | AQ1: USD | AR1: VEF | AS1: VND
A2: 35065 | B2: =NEER_MONTHLY!B2/NEER_MONTHLY!B$350*100 -> 119.65409 | C2: =NEER_MONTHLY!C2/NEER_MONTHLY!C$350*100 -> 49659.194 | D2: =NEER_MONTHLY!D2/NEER_MONTHLY!D$350*100 -> 92.348992 | E2: =NEER_MONTHLY!E2/NEER_MONTHLY!E$350*100 -> 0 | F2: =NEER_MONTHLY!F2/NEER_MONTHLY!F$350*100 -> 275.47903 | G2: =NEER_MONTHLY!G2/NEER_MONTHLY!G$350*100 -> 0 | H2: =NEER_MONTHLY!H2/NEER_MONTHLY!H$350*100 -> 96.479477 | I2: =NEER_MONTHLY!I2/NEER_MONTHLY!I$350*100 -> 121.59497 | ... AS2: =NEER_MONTHLY!AS2/NEER_MONTHLY!AS$350*100 -> 0
A3: 35096 | B3: =NEER_MONTHLY!B3/NEER_MONTHLY!B$350*100 -> 119.55255 | C3: =NEER_MONTHLY!C3/NEER_MONTHLY!C$350*100 -> 49847.65 | D3: =NEER_MONTHLY!D3/NEER_MONTHLY!D$350*100 -> 94.032061 | E3: =NEER_MONTHLY!E3/NEER_MONTHLY!E$350*100 -> 0 | F3: =NEER_MONTHLY!F3/NEER_MONTHLY!F$350*100 -> 274.12403 | G3: =NEER_MONTHLY!G3/NEER_MONTHLY!G$350*100 -> 0 | H3: =NEER_MONTHLY!H3/NEER_MONTHLY!H$350*100 -> 95.855421 | I3: =NEER_MONTHLY!I3/NEER_MONTHLY!I$350*100 -> 121.04863 | ... AS3: =NEER_MONTHLY!AS3/NEER_MONTHLY!AS$350*100 -> 0
A4: 35125 | B4: =NEER_MONTHLY!B4/NEER_MONTHLY!B$350*100 -> 119.88497 | C4: =NEER_MONTHLY!C4/NEER_MONTHLY!C$350*100 -> 50009.383 | D4: =NEER_MONTHLY!D4/NEER_MONTHLY!D$350*100 -> 96.045053 | E4: =NEER_MONTHLY!E4/NEER_MONTHLY!E$350*100 -> 0 | F4: =NEER_MONTHLY!F4/NEER_MONTHLY!F$350*100 -> 273.27841 | G4: =NEER_MONTHLY!G4/NEER_MONTHLY!G$350*100 -> 0 | H4: =NEER_MONTHLY!H4/NEER_MONTHLY!H$350*100 -> 96.652346 | I4: =NEER_MONTHLY!I4/NEER_MONTHLY!I$350*100 -> 121.12165 | ... AS4: =NEER_MONTHLY!AS4/NEER_MONTHLY!AS$350*100 -> 0
A5: 35156 | B5: =NEER_MONTHLY!B5/NEER_MONTHLY!B$350*100 -> 120.81055 | C5: =NEER_MONTHLY!C5/NEER_MONTHLY!C$350*100 -> 50355.782 | D5: =NEER_MONTHLY!D5/NEER_MONTHLY!D$350*100 -> 98.363596 | E5: =NEER_MONTHLY!E5/NEER_MONTHLY!E$350*100 -> 0 | F5: =NEER_MONTHLY!F5/NEER_MONTHLY!F$350*100 -> 274.45528 | G5: =NEER_MONTHLY!G5/NEER_MONTHLY!G$350*100 -> 0 | H5: =NEER_MONTHLY!H5/NEER_MONTHLY!H$350*100 -> 97.246831 | I5: =NEER_MONTHLY!I5/NEER_MONTHLY!I$350*100 -> 122.83687 | ... AS5: =NEER_MONTHLY!AS5/NEER_MONTHLY!AS$350*100 -> 0
A6: 35186 | B6: =NEER_MONTHLY!B6/NEER_MONTHLY!B$350*100 -> 120.0782 | C6: =NEER_MONTHLY!C6/NEER_MONTHLY!C$350*100 -> 50798.356 | D6: =NEER_MONTHLY!D6/NEER_MONTHLY!D$350*100 -> 99.870481 | E6: =NEER_MONTHLY!E6/NEER_MONTHLY!E$350*100 -> 0 | F6: =NEER_MONTHLY!F6/NEER_MONTHLY!F$350*100 -> 275.60984 | G6: =NEER_MONTHLY!G6/NEER_MONTHLY!G$350*100 -> 0 | H6: =NEER_MONTHLY!H6/NEER_MONTHLY!H$350*100 -> 96.540326 | I6: =NEER_MONTHLY!I6/NEER_MONTHLY!I$350*100 -> 124.42956 | ... AS6: =NEER_MONTHLY!AS6/NEER_MONTHLY!AS$350*100 -> 0
A7: 35217 | B7: =NEER_MONTHLY!B7/NEER_MONTHLY!B$350*100 -> 119.30637 | C7: =NEER_MONTHLY!C7/NEER_MONTHLY!C$350*100 -> 50924.024 | D7: =NEER_MONTHLY!D7/NEER_MONTHLY!D$350*100 -> 99.644018 | E7: =NEER_MONTHLY!E7/NEER_MONTHLY!E$350*100 -> 0 | F7: =NEER_MONTHLY!F7/NEER_MONTHLY!F$350*100 -> 274.11321 | G7: =NEER_MONTHLY!G7/NEER_MONTHLY!G$350*100 -> 0 | H7: =NEER_MONTHLY!H7/NEER_MONTHLY!H$350*100 -> 96.880004 | I7: =NEER_MONTHLY!I7/NEER_MONTHLY!I$350*100 -> 123.75555 | ... AS7: =NEER_MONTHLY!AS7/NEER_MONTHLY!AS$350*100 -> 0
A8: 35247 | B8: =NEER_MONTHLY!B8/NEER_MONTHLY!B$350*100 -> 118.64711 | C8: =NEER_MONTHLY!C8/NEER_MONTHLY!C$350*100 -> 50862.538 | D8: =NEER_MONTHLY!D8/NEER_MONTHLY!D$350*100 -> 99.211874 | E8: =NEER_MONTHLY!E8/NEER_MONTHLY!E$350*100 -> 0 | F8: =NEER_MONTHLY!F8/NEER_MONTHLY!F$350*100 -> 271.68465 | G8: =NEER_MONTHLY!G8/NEER_MONTHLY!G$350*100 -> 0 | H8: =NEER_MONTHLY!H8/NEER_MONTHLY!H$350*100 -> 96.564805 | I8: =NEER_MONTHLY!I8/NEER_MONTHLY!I$350*100 -> 123.30698 | ... AS8: =NEER_MONTHLY!AS8/NEER_MONTHLY!AS$350*100 -> 0
A9: 35278 | B9: =NEER_MONTHLY!B9/NEER_MONTHLY!B$350*100 -> 117.88489 | C9: =NEER_MONTHLY!C9/NEER_MONTHLY!C$350*100 -> 50841.993 | D9: =NEER_MONTHLY!D9/NEER_MONTHLY!D$350*100 -> 98.133352 | E9: =NEER_MONTHLY!E9/NEER_MONTHLY!E$350*100 -> 0 | F9: =NEER_MONTHLY!F9/NEER_MONTHLY!F$350*100 -> 268.6834 | G9: =NEER_MONTHLY!G9/NEER_MONTHLY!G$350*100 -> 0 | H9: =NEER_MONTHLY!H9/NEER_MONTHLY!H$350*100 -> 96.243173 | I9: =NEER_MONTHLY!I9/NEER_MONTHLY!I$350*100 -> 122.78141 | ... AS9: =NEER_MONTHLY!AS9/NEER_MONTHLY!AS$350*100 -> 0
A10: 35309 | B10: =NEER_MONTHLY!B10/NEER_MONTHLY!B$350*100 -> 118.36356 | C10: =NEER_MONTHLY!C10/NEER_MONTHLY!C$350*100 -> 51109.227 | D10: =NEER_MONTHLY!D10/NEER_MONTHLY!D$350*100 -> 99.79317 | E10: =NEER_MONTHLY!E10/NEER_MONTHLY!E$350*100 -> 0 | F10: =NEER_MONTHLY!F10/NEER_MONTHLY!F$350*100 -> 268.72057 | G10: =NEER_MONTHLY!G10/NEER_MONTHLY!G$350*100 -> 0 | H10: =NEER_MONTHLY!H10/NEER_MONTHLY!H$350*100 -> 96.575127 | I10: =NEER_MONTHLY!I10/NEER_MONTHLY!I$350*100 -> 123.1706 | ... AS10: =NEER_MONTHLY!AS10/NEER_MONTHLY!AS$350*100 -> 0
A11: 35339 | B11: =NEER_MONTHLY!B11/NEER_MONTHLY!B$350*100 -> 118.79658 | C11: =NEER_MONTHLY!C11/NEER_MONTHLY!C$350*100 -> 51383.295 | D11: =NEER_MONTHLY!D11/NEER_MONTHLY!D$350*100 -> 100.08423 | E11: =NEER_MONTHLY!E11/NEER_MONTHLY!E$350*100 -> 0 | F11: =NEER_MONTHLY!F11/NEER_MONTHLY!F$350*100 -> 268.26629 | G11: =NEER_MONTHLY!G11/NEER_MONTHLY!G$350*100 -> 0 | H11: =NEER_MONTHLY!H11/NEER_MONTHLY!H$350*100 -> 98.025084 | I11: =NEER_MONTHLY!I11/NEER_MONTHLY!I$350*100 -> 122.67505 | ... AS11: =NEER_MONTHLY!AS11/NEER_MONTHLY!AS$350*100 -> 0
A12: 35370 | B12: =NEER_MONTHLY!B12/NEER_MONTHLY!B$350*100 -> 118.61711 | C12: =NEER_MONTHLY!C12/NEER_MONTHLY!C$350*100 -> 51290.699 | D12: =NEER_MONTHLY!D12/NEER_MONTHLY!D$350*100 -> 100.17399 | E12: =NEER_MONTHLY!E12/NEER_MONTHLY!E$350*100 -> 0 | F12: =NEER_MONTHLY!F12/NEER_MONTHLY!F$350*100 -> 265.76289 | G12: =NEER_MONTHLY!G12/NEER_MONTHLY!G$350*100 -> 0 | H12: =NEER_MONTHLY!H12/NEER_MONTHLY!H$350*100 -> 98.821217 | I12: =NEER_MONTHLY!I12/NEER_MONTHLY!I$350*100 -> 120.89975 | ... AS12: =NEER_MONTHLY!AS12/NEER_MONTHLY!AS$350*100 -> 0
A13: 35400 | B13: =NEER_MONTHLY!B13/NEER_MONTHLY!B$350*100 -> 119.22739 | C13: =NEER_MONTHLY!C13/NEER_MONTHLY!C$350*100 -> 51757.743 | D13: =NEER_MONTHLY!D13/NEER_MONTHLY!D$350*100 -> 101.0823 | E13: =NEER_MONTHLY!E13/NEER_MONTHLY!E$350*100 -> 0 | F13: =NEER_MONTHLY!F13/NEER_MONTHLY!F$350*100 -> 266.30691 | G13: =NEER_MONTHLY!G13/NEER_MONTHLY!G$350*100 -> 0 | H13: =NEER_MONTHLY!H13/NEER_MONTHLY!H$350*100 -> 97.313825 | I13: =NEER_MONTHLY!I13/NEER_MONTHLY!I$350*100 -> 121.17055 | ... AS13: =NEER_MONTHLY!AS13/NEER_MONTHLY!AS$350*100 -> 0
... A361: 45992 | B361: =NEER_MONTHLY!B361/NEER_MONTHLY!B$350*100 -> 97.849228 | C361: =NEER_MONTHLY!C361/NEER_MONTHLY!C$350*100 -> 67.878666 | D361: =NEER_MONTHLY!D361/NEER_MONTHLY!D$350*100 -> 103.36882 | E361: =NEER_MONTHLY!E361/NEER_MONTHLY!E$350*100 -> 93.857397 | F361: =NEER_MONTHLY!F361/NEER_MONTHLY!F$350*100 -> 107.3198 | G361: =NEER_MONTHLY!G361/NEER_MONTHLY!G$350*100 -> 97.473734 | H361: =NEER_MONTHLY!H361/NEER_MONTHLY!H$350*100 -> 102.08833 | I361: =NEER_MONTHLY!I361/NEER_MONTHLY!I$350*100 -> 106.19675 | ... AS361: =NEER_MONTHLY!AS361/NEER_MONTHLY!AS$350*100 -> 93.989579
